5;13090
8;10
8;9
8;11
8;12
9;10
9;11
9;12
10;11
10;12
11;12
13;212
13;297
13;12523
13;53
13;3515
13;730
13;6825
13;218
13;578
13;448
13;13314
13;859
13;2907
13;12614
13;557
13;831
13;12465
13;12488
13;12741
13;551
13;323
13;12524
53;12465
53;12466
53;54
53;217
53;13418
53;2637
53;297
53;2011
53;218
212;6113
212;730
218;12818
218;12542
218;12466
218;1385
218;6254
218;2637
218;2754
218;1383
218;4663
218;898
218;221
218;2057
218;6825
218;2011
218;578
218;7135
218;2171
218;1384
218;859
218;13291
218;13418
218;220
218;1356
218;12465
218;2172
218;219
218;1711
218;684
297;12523
297;730
297;317
297;315
297;12948
297;448
297;698
297;2907
297;639
297;12614
297;831
297;2242
297;12465
297;12488
297;12741
297;3821
297;323
297;12524
297;886
323;831
323;12948
323;455
323;12488
323;12741
323;448
323;3515
323;2907
323;12614
323;557
448;831
448;12488
448;2907
448;12614
551;578
551;3515
551;13314
551;13285
551;13142
557;12948
557;626
557;2908
557;2495
557;2907
557;12590
578;4526
578;2072
578;13207
578;861
578;1407
578;13208
578;862
578;1572
578;874
578;860
578;6825
578;13285
578;13116
578;4394
578;13113
578;863
578;13114
578;859
578;579
578;3348
578;13124
578;13209
578;13115
578;13142
578;901
730;12524
730;1543
730;12516
730;12391
730;12517
730;12392
730;1228
730;12523
730;12451
730;4927
730;745
730;12533
730;12410
730;2242
730;6287
730;2790
730;1738
730;885
730;886
831;12488
831;3515
859;862
859;863
859;1572
859;1146
859;12954
859;12955
859;860
859;864
859;1540
859;6825
859;4394
859;901
2907;12614
3515;13314
12465;12466
12523;12524
14;397
14;3131
14;1360
14;13276
14;12569
14;12960
14;1211
14;715
14;172
14;62
14;13277
14;901
62;13276
62;112
62;12315
62;395
62;2335
62;8150
62;13277
172;577
172;3131
172;1360
172;12569
172;4526
172;1161
172;2072
172;422
172;13207
172;861
172;13277
172;1407
172;397
172;13208
172;13276
172;862
172;1146
172;874
172;860
172;5150
172;715
172;13285
172;13116
172;13113
172;4394
172;809
172;578
172;13114
172;859
172;579
172;807
172;12960
172;3348
172;395
172;551
172;864
172;938
172;13124
172;13209
172;13115
172;13142
172;901
397;3131
397;578
397;5867
397;5535
397;4394
397;901
715;12960
715;1360
901;3131
901;3348
901;13116
901;13115
901;13142
901;4394
901;1407
1211;1360
1211;12498
1211;12960
1211;12500
1211;12499
1360;13033
1360;12960
1360;3348
1360;13301
1360;1361
1360;3779
1360;4376
1360;4377
1360;4375
12569;13276
12569;13277
12960;13033
12960;13301
13276;13277
15;18
15;17
15;16
16;18
16;17
17;18
17;8892
17;8891
17;14132
17;132
17;133
132;13990
132;5700
132;385
132;298
132;13190
132;387
132;13989
132;2697
132;386
132;4810
132;13286
132;13287
132;1017
132;14132
132;13189
132;5699
132;1019
8891;8892
19;588
19;2162
19;13283
19;412
19;3780
19;21
19;20
19;159
19;3779
19;6969
20;588
20;4683
20;3780
20;21
20;6969
20;3779
159;506
159;13283
159;212
159;201
159;422
159;1304
159;1108
159;4377
159;397
159;6113
159;12613
159;5230
159;1414
159;412
159;5082
159;260
159;745
159;12682
159;4125
159;5867
159;7432
159;14155
159;426
159;5229
159;5228
159;4744
159;7204
159;12612
159;5081
412;1290
412;1289
412;2675
412;419
412;13283
412;2676
412;422
412;2674
412;4533
412;421
412;1034
412;420
588;975
588;5801
588;2257
588;3780
588;3712
588;3779
588;13426
588;13248
3779;3780
3779;4377
3779;4376
3779;4375
3780;4683
3780;6969
29;33
29;32
29;30
29;31
30;33
30;32
30;31
31;33
31;32
32;33
34;35
34;525
34;523
34;522
34;13013
34;2657
34;13014
34;524
35;525
35;523
35;522
35;13013
35;2657
35;13014
35;524
522;525
522;523
522;13013
522;13014
522;524
523;525
523;13013
523;13014
523;524
524;525
524;13013
524;13014
525;13013
525;13014
13013;13014
36;38
36;12760
36;37
36;1743
37;202
37;868
37;44
37;1511
37;12516
37;1642
37;14007
37;12391
37;12517
37;1304
37;12392
37;1228
37;12451
37;38
37;4927
37;12760
37;730
37;260
37;12411
37;745
37;1076
37;14279
37;583
37;12410
37;1743
37;14006
37;54
37;14005
37;168
37;12788
37;2235
37;12579
37;13084
37;900
37;217
37;1738
37;1825
37;2394
37;159
38;202
38;1743
38;12760
38;12392
38;730
38;1738
38;6440
38;1304
38;6439
38;1228
38;14279
1743;12760
44;4930
44;1414
44;108
44;260
44;159
44;1304
44;515
54;12818
54;3801
54;5208
54;13688
54;1385
54;2128
54;6254
54;2637
54;4989
54;1383
54;1866
54;4663
54;898
54;55
54;3750
54;221
54;684
54;1710
54;218
54;9598
54;2171
54;1384
54;13291
54;13261
54;13418
54;1708
54;1356
54;899
54;12579
54;270
54;13263
54;4086
54;12338
54;2172
54;13262
54;900
54;217
54;219
54;1711
54;9599
54;220
168;1076
202;730
202;1738
202;1228
217;12818
217;1385
217;2128
217;6254
217;2637
217;1383
217;1866
217;898
217;4663
217;1225
217;221
217;218
217;9598
217;1226
217;2171
217;1384
217;13418
217;1356
217;12579
217;12338
217;2172
217;900
217;219
217;9599
217;220
260;1309
260;2210
260;801
260;5160
260;3699
260;1731
260;543
260;2041
260;881
260;1263
260;2350
260;1045
260;269
260;481
260;665
260;6044
260;3285
260;2149
260;5621
260;2725
260;9531
260;4629
260;1909
260;1362
260;4840
260;1308
260;1376
260;10514
260;2208
260;1116
260;1356
260;1967
260;420
260;6299
260;424
260;4265
260;3930
260;1150
260;684
583;615
583;1425
583;868
583;617
583;1642
583;616
583;1825
583;14044
745;4227
745;13326
745;13158
745;12967
745;12968
745;13159
745;12391
745;12392
745;4156
745;13327
868;1642
868;1825
900;1712
900;1427
900;4989
900;1108
900;1866
900;1414
900;1107
900;13032
900;1818
900;12579
900;12975
900;12338
1076;13146
1076;12411
1076;12392
1076;2441
1076;12788
1076;2235
1228;1738
1228;1229
1304;12330
1304;14006
1304;2841
1304;1511
1304;14005
1304;14007
1304;12392
1304;14279
1304;13084
1511;14006
1511;14005
1511;14007
1642;1825
2235;12411
2235;12392
2235;12788
2394;13612
2394;6324
2394;13611
4927;12410
12391;12516
12391;12517
12391;12392
12392;12451
12392;14279
12392;12516
12392;12411
12392;12517
12392;12788
12411;12788
12516;12517
14005;14006
14005;14007
14006;14007
6439;7960
6439;7961
6439;7962
6439;7959
6439;6440
6439;7963
39;9566
39;4567
39;2516
39;13592
39;2347
39;1759
39;40
39;9567
40;1425
40;2516
40;251
40;252
40;2347
40;382
1759;6376
1759;13057
2347;9566
2347;4567
9566;9567
251;583
251;1425
251;252
251;381
251;382
252;583
252;1425
252;381
252;382
382;583
382;1425
382;693
382;13396
382;4290
382;1704
1425;6551
1425;7943
1425;9596
41;12818
41;42
41;1385
41;13082
41;2637
41;53
41;4663
41;287
41;286
41;12666
41;218
41;1005
41;54
41;13418
41;1356
41;2074
41;69
41;217
41;219
41;1006
41;220
42;468
42;287
42;1647
42;127
42;286
69;2074
69;641
69;12666
69;70
219;12818
219;4663
219;898
219;1385
219;221
219;1356
219;220
220;12818
220;4663
220;1115
220;502
220;1385
220;13291
220;221
220;1356
286;287
286;1084
286;1083
286;1082
286;1085
1005;1006
1005;13082
1006;13082
1356;12818
1356;4663
1356;5160
1356;1385
1356;2171
1356;1967
1385;12818
1385;4663
1385;2171
1385;3956
1385;2637
1385;13291
1385;3957
2637;4663
2637;6254
2637;13418
4663;12818
127;424
127;468
127;470
127;967
127;1647
127;3400
127;13188
127;933
127;934
127;10273
127;5591
127;1648
468;470
468;1647
468;709
468;933
468;934
468;10273
468;5591
468;1648
1647;2411
1647;13216
1647;12723
1647;1648
1647;12782
108;4930
108;13401
108;1289
108;8354
108;515
515;2745
515;1277
515;4930
515;1276
515;1278
515;1418
1414;12682
1414;3129
1414;7204
1414;4125
4930;8354
45;2711
45;47
45;46
45;300
45;6560
45;13680
45;6677
45;1383
45;6675
45;666
45;269
45;3836
45;665
45;690
45;7228
45;3829
45;865
45;729
45;866
45;6676
45;1442
45;1142
45;2710
45;11689
45;13199
45;7092
46;4763
46;1660
46;866
46;47
46;1076
46;683
46;543
46;300
46;13680
46;2441
46;684
47;572
47;3829
47;269
47;6600
47;3836
47;100
47;207
47;866
47;208
47;209
47;7092
47;300
47;665
47;6560
47;13680
47;7228
269;1309
269;12317
269;624
269;12602
269;12316
269;12610
269;3828
269;1045
269;2437
269;12611
269;12318
269;729
269;866
269;13153
269;420
269;479
269;5919
269;728
269;4689
269;13155
300;12372
300;958
300;1350
300;508
300;481
300;683
300;1349
300;543
300;1484
300;4057
300;13680
300;3340
300;684
665;690
665;6675
665;666
665;1369
665;2711
665;667
665;4592
665;12866
665;6676
665;2208
665;6677
665;1442
665;1383
665;2710
666;2711
666;667
666;1442
666;1383
666;2710
729;1309
729;7823
729;1425
729;12610
729;12602
729;3828
729;2437
729;6551
729;12611
729;4608
729;12318
729;866
729;3763
729;804
729;4479
729;9596
729;4609
729;1150
729;5919
729;7943
729;11533
865;1513
865;12881
865;1350
865;866
865;2445
865;2223
865;3744
865;12841
865;929
866;1076
866;2445
866;1141
866;4515
866;1142
1383;1385
1383;1384
1383;6676
1383;6677
1383;1442
1383;6675
2710;2711
3829;6600
3829;6266
3829;6265
3836;7228
3836;7092
6675;6676
6675;6677
6676;6677
7092;7228
543;1350
543;866
543;1141
543;1349
543;3285
543;1155
543;4629
543;4515
543;684
683;3340
683;2441
683;684
683;1076
684;9814
684;12542
684;1385
684;12606
684;1155
684;9813
684;1019
684;2437
684;9815
684;2045
684;12754
684;2011
684;4763
684;12607
684;3425
684;12455
684;9472
684;12631
684;1780
684;6624
684;866
684;7206
684;7091
684;12456
684;6625
684;1150
684;1660
1660;4763
100;881
100;12966
100;12957
100;13234
100;929
207;572
207;210
207;208
207;211
207;209
208;572
208;2431
208;3336
208;209
208;4802
208;3841
208;12175
208;5929
209;572
209;1814
209;210
209;4609
209;1833
209;12871
209;729
209;211
209;6782
209;4608
209;6781
209;12870
48;49
48;50
48;1513
49;50
50;1513
1513;2445
1513;1668
51;898
51;52
51;55
51;900
51;54
51;217
51;1708
51;4989
51;899
52;55
52;1712
52;54
52;217
52;1711
52;1710
55;217
898;3801
898;899
898;13688
898;1385
898;2128
898;900
898;2171
898;9599
898;4989
898;1708
898;1356
899;900
899;4989
1710;1712
1710;1711
1710;10631
1710;10630
1711;3618
1711;7135
1711;1712
1711;3617
1711;3619
1711;2057
1711;2754
1711;10630
1711;10631
1712;13032
2011;12542
2011;12465
2011;12466
2011;12591
2011;12592
270;13523
270;5208
270;868
270;2755
270;4154
270;2754
270;271
270;298
270;2747
270;3750
270;2057
270;7459
270;1704
270;2746
270;272
270;7135
270;1613
270;2776
270;13375
270;2748
270;5196
270;4086
270;8612
270;13109
270;2058
270;273
270;2059
270;13373
270;8611
1384;1385
2128;12818
2128;9598
2128;9599
2171;2172
2171;2637
3750;5196
3750;4086
3750;5208
3750;8612
3750;8611
3801;9599
3801;13688
4086;5208
9598;12818
9598;9599
9599;12818
9599;13688
13261;13263
13261;13262
13262;13263
60;112
60;395
60;2335
60;61
60;62
61;112
61;395
61;2335
61;62
112;395
112;550
112;913
112;394
112;3128
112;3084
395;13248
395;577
395;588
395;5801
395;578
395;808
395;13969
395;396
395;2561
395;1861
395;6062
395;1034
395;901
8150;12315
65;1814
65;1960
65;5401
65;1805
1805;1814
1805;1960
1805;7839
1805;5401
1814;1833
1814;1960
1814;12871
1814;12870
1814;7839
1814;5401
1814;12376
5401;7839
66;69
66;68
66;641
66;67
66;70
67;68
67;69
67;70
68;2731
68;69
68;641
68;4395
68;4396
68;70
70;641
2731;4395
2731;4396
4395;4396
71;315
71;3999
71;2567
71;1407
315;3999
315;317
1407;2567
1407;3348
1407;13114
1407;13116
1407;1408
1407;13115
1407;13113
3999;7430
3999;4240
3999;7429
3999;5154
72;4606
72;2438
72;857
72;317
72;1911
72;13214
72;639
72;4605
72;4607
317;1826
317;12448
317;12492
317;2438
317;1973
317;1824
317;1078
317;1911
317;2627
317;9173
317;12352
317;639
317;2161
639;726
857;1911
857;13214
1911;2824
1911;2825
1911;13214
2438;12352
2438;9173
4605;4606
4605;4607
4605;12085
4606;4607
4607;12085
73;1080
73;1543
73;12321
73;829
73;898
73;4461
73;1129
73;817
73;900
73;13002
73;818
73;2474
73;625
625;626
625;817
625;818
817;818
829;1080
829;1543
829;4461
829;12321
1080;1081
1080;12506
1080;2740
1543;4461
1543;1544
1543;1941
1543;12534
1543;12855
1543;2275
1543;2435
1543;12533
1543;1545
80;12545
80;1313
80;3336
80;12494
80;208
80;585
80;12487
80;4364
80;515
80;557
585;967
1313;1314
1313;12487
12487;12545
83;13047
83;1214
83;13066
83;13065
83;13046
83;13067
83;13048
1214;13066
1214;13067
1214;13065
13046;13047
13046;13048
13047;13048
13065;13066
13065;13067
13066;13067
88;12532
88;754
754;755
754;756
754;12532
90;6375
90;231
90;1318
90;960
90;2439
90;1478
90;6374
90;9855
231;1318
231;960
1478;6375
1478;2439
1478;6374
1478;9855
2439;6375
2439;6374
2439;9855
6374;6375
6374;9855
6375;9855
91;92
91;93
91;13119
91;201
91;13292
91;6137
91;985
92;93
92;13292
92;6137
92;985
93;1047
93;13352
93;3532
93;3533
93;6137
93;13119
93;4294
93;201
93;2263
93;13292
93;426
93;2262
93;985
201;1047
201;6674
201;13352
201;2122
201;13377
201;2534
201;2533
201;2532
201;4294
201;13119
201;13376
201;2531
201;426
201;985
985;6674
985;2122
985;8464
985;13377
985;6137
985;13119
985;13376
985;13292
985;2120
6137;13292
426;1414
426;14155
426;4125
426;985
1047;1048
1047;13352
1047;1073
1047;4294
1047;1072
2262;2263
3532;3533
4294;13352
4294;4295
94;2748
94;12643
94;12642
94;12473
94;12819
94;553
94;6848
94;12286
94;95
95;2503
95;553
553;12805
553;2748
553;13586
553;2503
553;12440
553;12643
553;13497
553;12303
553;12530
553;12819
553;12287
553;554
553;12616
553;2196
2748;12819
6848;13226
6848;13604
6848;13638
6848;12643
6848;13225
6848;12642
6848;13605
6848;12286
12286;12440
12286;12643
12286;13497
12286;12530
12286;12642
12286;12473
12286;13626
12286;13637
12286;12287
12286;13561
12473;12548
12473;12530
12642;12643
12643;12819
12643;13561
96;881
96;99
96;13012
96;1045
96;97
96;269
96;5073
96;100
96;5504
96;260
96;7949
96;12957
96;1315
96;12458
96;12903
96;5072
96;420
96;978
96;3328
96;98
96;1316
96;929
97;100
97;98
97;99
97;13234
98;100
98;99
99;269
99;100
99;13217
99;260
99;1070
99;1045
99;420
420;5073
420;3328
420;6099
420;5072
420;422
420;421
420;1045
881;12458
881;5476
881;5504
881;5115
881;7949
881;13012
881;1045
881;929
929;11547
929;12891
929;2445
929;7313
929;4515
929;3160
929;1444
929;930
929;1513
929;3159
929;7314
978;12903
978;1045
978;7949
1045;12903
1045;7949
1045;1316
1045;4717
1045;1315
1315;1316
5072;5073
5504;12458
7949;12903
7949;13012
1070;13217
1070;1071
1289;1290
111;6062
111;7315
6062;7315
6062;13880
394;3128
394;550
550;3128
913;3084
3128;4437
3128;8769
3128;8768
113;114
114;2226
114;2227
114;453
114;4289
114;3990
114;812
453;13500
453;12389
453;6728
453;454
453;13562
453;13499
453;13498
812;2226
812;8136
812;4289
812;8134
812;4290
812;8135
2226;2227
2226;4837
2226;4289
2226;12551
2226;12550
2226;5165
4289;4290
122;123
123;12382
123;13813
123;552
124;468
124;967
124;126
124;8136
124;127
124;13188
124;8134
124;125
124;543
124;339
124;8135
124;1035
124;12341
124;812
124;1076
125;12401
125;13423
125;3400
125;468
125;967
125;126
125;709
125;127
125;1892
125;13188
125;1611
126;4289
126;127
126;4290
126;812
339;772
339;12342
339;9803
339;9401
339;12081
339;2964
339;12340
339;4297
339;12483
339;12341
967;12401
967;13423
967;2747
967;1354
967;2058
967;12697
967;13188
967;13043
967;2196
1035;14121
1035;1036
1035;1073
1035;3456
1035;14122
8134;8136
8134;8135
8135;8136
12341;12342
12341;12483
709;1892
709;6797
709;1611
1611;3607
1611;1892
1611;6797
1611;10506
1611;10507
1611;2149
1892;1893
1892;10582
1892;9648
1892;10506
1892;10507
1892;7090
1892;2656
1892;3607
1892;4917
1892;3262
1892;6797
1892;10583
1892;10581
1892;7613
1892;2196
12401;13423
12401;13538
12401;12471
4290;10794
4290;10795
424;1909
424;1647
424;468
424;1117
424;1141
424;5591
424;1116
424;10273
424;2149
424;1611
424;9531
933;1647
933;934
933;1648
934;1647
934;1648
5591;10273
298;1791
298;1792
385;386
385;387
385;573
386;387
386;573
386;1191
386;966
1017;13990
1017;13989
1019;5700
1019;6625
1019;9813
1019;5699
4810;9298
4810;6782
4810;4811
4810;6781
5699;5700
13189;13190
13190;13871
13190;13872
13286;13287
13989;13990
135;173
135;175
135;12706
135;174
173;490
173;12706
173;12705
173;13334
173;489
173;4204
174;175
137;138
147;3925
147;2012
147;148
147;2013
148;3925
2012;2013
3925;12449
3925;12450
149;1199
149;7045
149;13022
149;13023
149;13273
149;12329
149;13177
149;1656
1199;6697
1199;4352
1199;4388
1656;1657
7045;13430
7045;13429
7045;13177
12329;13260
13022;13023
13177;13430
13177;13429
150;13402
151;8231
151;8232
151;152
151;8233
151;1352
151;168
151;8272
151;2396
151;153
152;480
152;1175
152;5160
152;5866
152;8233
152;1352
152;168
152;260
152;2396
152;8473
152;12301
152;153
152;2393
153;1175
153;5160
153;8473
153;8232
153;765
153;766
153;1352
153;8272
153;260
153;2396
153;2393
153;2992
153;5866
153;168
153;2882
153;2881
153;8231
153;1016
153;8233
153;1181
8231;8232
480;8473
1175;5160
2393;5866
5160;5161
5160;12091
765;766
765;13089
765;9268
766;2558
766;2340
766;2337
766;2339
766;2336
766;2338
1181;2992
2881;2882
154;12534
154;1543
154;13134
157;12037
157;8446
157;1580
157;8043
157;2613
8446;12037
158;2242
158;447
158;2790
158;3376
158;730
158;212
158;1094
158;7150
158;886
447;1654
447;831
447;2653
447;2790
447;3515
447;730
447;886
886;2242
886;3821
886;2790
886;5970
2242;3967
2242;4156
2242;2873
2242;3821
2242;4089
2790;6287
3376;7150
422;2731
422;577
422;2367
422;633
506;12682
506;12613
506;1414
506;807
506;874
506;5341
506;9396
506;2366
506;12612
506;1291
1108;5230
1108;1414
1108;5228
1108;5229
1108;3129
1108;5082
1108;8039
1108;4377
1108;1771
1108;5081
4377;6564
4377;5230
4377;5229
4377;5228
4377;13039
5081;5082
5228;5230
5228;5229
5229;5230
12612;12613
165;2703
165;2704
165;2705
2703;2704
2703;2705
2704;2705
166;167
166;1617
166;1616
167;1617
167;1616
1616;1618
1616;8313
1616;1617
1616;8314
1616;2632
1616;7276
1617;1618
1617;8313
1617;8314
1617;2632
1617;7276
169;170
169;171
170;171
577;861
577;579
577;578
577;4526
577;874
577;860
577;859
577;901
807;4089
807;2242
807;809
807;2873
807;874
807;938
807;1161
807;5150
807;9396
807;2366
809;4089
809;2242
809;2873
809;938
809;1161
809;5150
860;862
860;1572
860;863
860;1146
860;864
860;4394
860;901
861;4526
861;874
862;13208
862;1572
862;863
862;2072
862;13124
862;13207
862;13209
862;13115
864;1146
874;1407
874;3348
874;4526
874;5341
874;9396
874;2366
874;13116
874;1291
874;901
938;1707
938;1161
938;5150
938;2062
1161;1255
1161;1256
1161;1258
1161;5150
1161;1257
2072;13208
2072;13124
2072;13207
2072;13209
2072;13115
3348;13033
3348;12960
3348;13116
3348;4394
4394;13115
4394;13142
13113;13114
13113;13116
13113;13115
13114;13116
13114;13115
13115;13208
13115;13124
13115;13207
13115;13209
13115;13116
13124;13208
13124;13207
13124;13209
13142;13285
13207;13208
13207;13209
13208;13209
489;13334
489;490
490;12706
490;12705
490;13334
12705;12706
177;1323
177;12628
1323;3705
1323;1869
1323;1870
1323;13583
1323;1871
1323;3703
1323;1698
1323;1700
1323;13176
1323;5385
1323;13175
1323;1868
1323;5384
1323;13097
1323;1699
1323;3704
1323;13098
1323;12669
1323;5383
1323;13096
179;8144
179;2135
191;195
191;192
191;194
191;193
192;195
192;194
192;193
193;195
193;194
194;195
199;1226
199;1225
199;217
1225;1226
2122;6674
2122;13377
2122;13376
2531;2533
2531;2534
2531;2532
2532;2533
2532;2534
2533;2534
6674;13377
6674;13376
13376;13377
205;5871
205;2079
205;8357
205;5996
205;946
946;5871
946;2079
946;8357
946;5996
2079;5871
2079;8357
2079;5996
5871;8357
5871;5996
5996;8357
210;4019
210;211
1833;12871
1833;12870
4608;4609
6781;9298
6781;6782
6782;9298
12870;12871
213;759
213;2471
213;214
213;8827
214;759
2471;8827
215;216
215;1328
216;1328
1328;2452
1328;12889
1328;12890
2057;2755
2057;2754
2057;2437
2057;2747
2057;3750
2057;10171
2057;13264
2057;2746
2057;7135
2057;2776
2057;7496
2057;2748
2057;5196
2057;2058
2057;2059
2057;13373
2057;13265
2754;2755
2754;3750
2754;10171
2754;7459
2754;7135
2754;2776
2754;7496
2754;5196
2754;8612
2754;13109
2754;13373
2754;8611
7135;13109
7135;13373
12542;12959
502;1115
222;2623
222;12312
2623;12312
226;12886
226;668
226;1308
226;12582
226;1203
226;4089
226;3037
226;4519
668;1654
668;4794
668;13621
668;3262
668;2801
668;12582
668;13622
668;3037
668;12634
668;9999
668;3263
668;3310
668;1203
668;1757
1203;1204
1203;13413
1203;2801
1203;1727
1203;7821
1203;4089
1203;1205
1203;1291
1308;1309
1308;13044
1308;4579
1308;2724
1308;2022
1308;4794
1308;13548
1308;4578
1308;7113
1308;1441
1308;2725
1308;12303
1308;12350
1308;13552
1308;2297
1308;13043
1308;2722
1308;12349
1308;13507
1308;2723
1308;2020
1308;2196
3037;5094
3037;12582
3037;5093
229;12318
229;2437
229;12542
229;269
229;624
229;729
229;728
229;12611
229;2011
229;12610
229;230
229;12602
229;3828
229;12959
230;2437
624;728
624;729
728;12859
728;5919
728;729
728;12602
2437;12318
2437;12542
2437;12610
2437;12959
3828;12611
3828;5115
12318;12610
241;13820
241;1750
1750;1751
1750;2742
381;382
256;10447
256;10448
256;257
256;795
256;259
256;2350
256;258
256;3311
257;2294
257;3626
257;259
257;258
257;3311
258;259
259;3311
259;6379
259;2294
259;9184
259;9185
259;11648
259;1995
259;3626
259;6380
259;6378
795;10447
795;12150
795;797
795;10448
795;796
795;6797
795;6171
795;2022
795;2350
795;2020
2350;10447
2350;4840
2350;10448
2350;12150
2350;5621
3311;3626
10447;10448
10448;12150
1995;3311
6378;6380
6378;6379
6379;6380
9184;9185
481;12372
481;955
481;2169
481;6625
481;1150
481;6624
481;7943
481;729
481;13158
481;976
481;13159
481;745
481;684
481;977
801;13633
801;5621
1116;1370
1116;5765
1116;3607
1116;1892
1116;1893
1116;5115
1116;2149
1116;1611
1116;3828
1116;5766
1116;2196
1150;6625
1150;6624
1150;7943
1263;1356
1263;1967
1263;5160
1362;9531
1362;1731
1362;2210
1376;4265
1376;3930
1376;10514
1376;6044
1376;5621
1376;2350
1731;9531
1731;2210
1909;2149
1967;5161
1967;5160
1967;1968
1967;3069
1967;8237
1967;5159
1967;12091
2041;3960
2041;8948
2041;3699
2041;5986
2041;5985
2041;5983
2041;5984
2041;2208
2041;8947
2041;5621
2041;4629
2041;6299
2208;14152
2210;9531
2725;6606
2725;11395
2725;7113
3285;4629
3699;6299
3930;4265
3930;6044
4265;10514
4265;6044
4629;5621
4840;5621
261;275
261;262
261;274
262;486
274;275
275;1308
275;13548
263;767
263;1066
263;1918
263;5017
263;1064
263;3537
263;12872
263;4726
263;264
263;3370
263;5018
263;5019
263;265
263;12965
263;3539
263;3538
263;6997
264;265
1064;1066
1064;1065
1064;4726
1066;3114
1066;10309
1066;6314
1066;6219
1066;12872
1066;3370
1066;12965
1066;3763
1066;13174
1066;6997
1918;5019
1918;5017
1918;5018
3370;6219
3370;12872
3370;12965
3370;6997
3537;3539
3537;3538
3538;3539
5017;5019
5017;5018
5018;5019
6997;12872
6997;7000
6997;6999
267;268
479;12459
479;975
479;6551
479;1425
479;7943
479;729
479;2099
479;13302
479;4689
479;804
479;9596
479;591
479;1076
12316;12318
12316;12317
12317;12318
13153;13156
13153;13155
13153;13154
13155;13156
271;13109
271;868
271;273
271;1128
271;2754
272;298
272;5196
272;273
272;13264
272;2057
272;13265
273;298
273;2754
1613;13166
1613;4154
1704;5196
1704;3750
1704;13396
1704;2057
1704;2754
2058;5121
2058;2748
2058;2747
2058;5120
2058;12697
2058;2059
2058;13043
2058;2746
2058;2196
2059;2748
2059;2747
2059;2746
2746;5121
2746;2748
2746;2747
2746;5120
2747;5121
2747;2748
2747;5120
2747;12697
2747;13043
2755;2776
5196;10171
5196;7459
8611;8612
13109;13373
1128;13109
13264;13265
279;3077
279;12953
279;466
279;3076
279;12562
279;3078
279;3075
279;405
279;404
404;12953
404;466
404;4034
404;405
466;2075
466;1520
466;1359
466;9356
466;10883
466;1495
466;4626
466;1291
3075;3076
3075;3077
3075;3078
3076;3077
3076;3078
3077;3078
281;282
1082;1083
1082;1085
1082;1084
1083;1084
1083;1085
1084;1085
288;290
288;13340
288;13343
288;13342
288;289
289;290
290;13340
290;13343
290;13342
13340;13343
13340;13342
13342;13343
296;730
296;297
3821;9625
1791;1792
508;2768
508;4057
508;14003
508;509
958;1072
958;959
958;1350
1349;1350
1350;12881
1350;2490
1350;2223
1350;9625
1350;12841
4057;14003
308;12504
308;12411
308;12503
12503;12504
12504;12653
1824;12448
1824;2438
1824;12352
1824;1826
1824;2025
1826;12448
1826;12352
1973;12492
1973;5336
1973;2598
1973;1974
1973;2655
9173;11065
9173;11067
9173;11070
9173;11064
9173;11066
9173;11071
9173;11068
9173;11069
12352;12448
319;9090
319;3228
319;1308
319;4887
319;13552
3228;9090
3228;4887
4887;9090
4887;12669
4887;13210
321;12393
322;562
322;3375
562;566
562;3375
455;12948
455;2907
455;456
455;557
338;2964
338;339
2964;9937
2964;9938
2964;9401
2964;7773
2964;4297
772;4297
772;9401
4297;9401
9401;13606
12081;12483
12081;12341
12340;12342
12340;12341
345;346
345;347
346;347
350;4568
350;1996
350;4569
350;636
350;4570
350;4572
350;4571
350;2772
636;4568
636;1996
636;11095
636;4571
636;637
636;6035
636;9671
636;11093
636;3848
636;4570
636;10374
636;4569
636;2000
636;638
636;11094
636;6037
636;7891
636;6036
636;1668
636;7179
636;839
636;7035
636;3846
636;5982
636;4572
636;2772
1996;4568
1996;7891
1996;4569
1996;3848
1996;4570
1996;4572
1996;4571
1996;2772
2772;4568
2772;11094
2772;11095
2772;3846
2772;5982
2772;9671
2772;10374
2772;11093
2772;3848
2772;4570
2772;4572
2772;4571
2772;4569
4568;7891
4568;4569
4568;4570
4568;4572
4568;4571
4569;4570
4569;4572
4569;4571
4570;4572
4570;4571
4571;4572
351;13573
351;13491
351;13490
351;13489
13489;13491
13489;13490
13490;13573
13490;13491
13491;13573
359;362
359;360
360;12442
360;12566
360;13328
360;12609
360;12947
360;12339
360;12398
360;5757
360;12608
360;986
360;362
360;12950
360;6613
360;363
360;6800
360;12441
360;12744
360;12549
360;13476
363;6613
363;12398
363;12566
363;12947
363;13328
363;6800
363;13525
363;12549
363;12608
363;12744
363;12609
363;13485
363;986
363;12950
986;12947
986;13328
5757;12339
6613;12398
12441;12442
12441;13476
12608;12609
12609;12744
12609;12950
12744;12950
370;371
370;372
370;1628
370;1241
370;12714
371;2802
371;372
371;1628
371;1241
371;12714
372;2802
372;1628
372;1241
1241;1628
1628;12714
379;380
380;12505
380;13257
12505;13257
693;4290
573;12907
573;13112
573;1191
573;4810
573;6435
573;966
573;14335
573;844
573;14374
573;574
396;1034
396;2561
808;13969
1034;1290
1034;1289
1034;2561
1034;2502
1034;2501
1034;1861
1861;2561
5801;13426
5801;13248
400;402
400;401
400;403
401;402
401;11996
401;403
402;403
408;1459
408;1461
408;1460
408;1462
1459;1462
1459;1461
1459;1460
1460;1462
1460;2560
1460;2559
1460;1461
1461;1462
1461;2560
1461;2559
1462;2560
1462;2559
419;6099
419;422
419;421
419;420
421;422
2674;2675
2674;4533
2674;2676
2675;2676
2675;4533
2676;4533
413;415
413;416
413;414
414;416
414;415
415;416
418;3809
418;13166
418;1314
418;1613
418;13319
418;472
418;473
418;1612
472;473
473;1613
473;985
1314;3809
1612;1613
13166;13319
633;2731
633;2367
2367;2731
1117;1647
1141;2223
1141;4515
1141;1142
428;11065
428;8824
428;11067
428;11070
428;900
428;8823
428;1107
428;11064
428;1427
428;1818
428;9173
428;11066
428;11071
428;11068
428;4547
428;11069
428;6673
1107;1712
1107;13032
1107;1818
4547;11065
4547;8824
4547;11070
4547;8823
4547;11064
4547;11066
4547;9173
4547;11071
4547;11068
4547;11067
4547;11069
4547;6673
6673;11065
6673;8824
6673;11067
6673;11070
6673;8823
6673;11064
6673;11066
6673;9173
6673;11071
6673;11068
6673;11069
8823;11065
8823;8824
8823;11067
8823;11070
8823;11064
8823;11066
8823;9173
8823;11071
8823;11068
8823;11069
8824;11065
8824;11067
8824;11070
8824;11064
8824;11066
8824;9173
8824;11071
8824;11068
8824;11069
11064;11065
11064;11067
11064;11070
11064;11066
11064;11071
11064;11068
11064;11069
11065;11067
11065;11070
11065;11066
11065;11071
11065;11068
11065;11069
11066;11067
11066;11070
11066;11071
11066;11068
11066;11069
11067;11070
11067;11071
11067;11068
11067;11069
11068;11070
11068;11071
11068;11069
11069;11070
11069;11071
11070;11071
432;3492
432;435
432;618
435;3492
618;3573
618;3572
618;619
434;591
434;6200
591;1425
591;4093
591;4095
591;4096
591;6551
591;6200
591;6525
591;1848
591;11744
591;729
591;1968
591;3069
591;804
591;4094
591;9596
591;1967
591;7943
591;592
591;5970
591;11745
591;886
439;560
439;558
439;559
439;561
558;560
558;559
558;561
559;560
559;561
560;561
442;443
442;444
443;444
445;446
446;14251
446;12515
446;12536
446;12412
446;3558
446;12535
3558;12654
3558;3576
3558;12512
3558;12511
3558;13536
3558;12513
3558;3559
3558;12536
3558;12961
3558;6276
3558;7801
3558;7800
3558;12963
3558;12535
3558;12962
3558;3560
12412;12413
12412;12515
12412;12414
12412;12415
12412;12416
12535;12536
1654;12996
1654;12812
1654;13258
1654;13621
1654;13259
1654;3324
1654;2296
1654;12704
1654;3540
1654;13257
1654;13622
1654;12563
1654;13029
1654;13444
1654;2653
1654;12137
1654;13445
1654;12811
1654;2297
1654;12637
1654;3541
1654;3325
1654;12813
1654;12665
1654;6666
450;1360
450;578
450;506
450;874
450;5341
450;1291
450;901
1291;1360
1291;1359
1291;5341
1291;1361
1291;4089
452;626
626;816
626;9421
626;817
626;818
626;12590
454;6728
13498;13500
13498;13499
13499;13500
462;464
462;12441
465;466
1359;1361
1359;1360
1495;2075
467;12288
467;13374
469;980
469;8864
469;981
980;981
981;1066
981;10309
981;6314
981;6219
981;3370
981;3763
8864;8865
474;1577
474;3481
474;12420
1577;12557
1577;12555
1577;12556
1577;12420
1577;2892
1577;13895
1577;12493
1577;2896
477;3692
477;478
478;3692
804;7823
804;6551
804;1425
804;7943
804;3763
804;4479
804;9596
804;11533
975;5801
975;1617
975;1616
975;2632
975;7276
975;13194
975;1948
975;2213
975;13302
975;13193
975;13426
975;12459
975;8314
975;2099
975;8313
975;1618
975;1001
975;1000
975;999
2099;12459
2099;2566
2099;13302
6551;7943
6551;9596
7943;11533
7943;9596
12459;13302
955;2169
955;976
955;12879
955;13241
955;977
976;2169
976;977
977;2169
6624;6625
6625;9813
13158;13159
492;493
492;2242
492;3967
492;8464
492;1313
492;2342
492;814
492;815
492;2341
492;2778
492;4156
492;494
492;985
493;1313
493;814
493;815
493;494
494;2242
494;3967
494;4156
494;2342
494;814
494;815
494;2341
494;2778
814;1313
814;815
815;1313
2341;2342
3967;4156
2366;9396
507;3127
507;1067
507;3128
1067;3228
1067;1233
1067;1255
1067;1256
1067;4887
1067;1161
1067;1258
1067;3127
1067;3128
1067;1257
3127;3128
2768;4057
2768;14003
514;5041
514;2022
514;2019
2019;5041
2019;2023
2019;2022
2022;5041
2022;6088
2022;2966
2022;5055
2022;6171
2022;2965
2022;7113
2022;2685
2022;2725
2022;8842
2022;6606
2022;2023
2022;6170
2022;11395
2022;7130
2022;6797
1276;1278
1276;1277
1277;1278
526;529
526;527
526;528
527;1934
527;13267
527;12735
527;3228
527;1232
527;529
527;1233
527;4887
527;2706
527;1234
527;13268
527;1067
527;528
527;4743
528;529
529;3785
1232;1233
1232;1234
1233;1934
1233;3228
1233;4887
1233;2706
1233;1234
12735;12736
12735;12737
13267;13268
539;5005
541;4215
541;542
541;4214
541;1391
541;1390
541;1886
541;13419
541;1389
541;4213
542;4215
542;4214
542;13419
542;1886
542;4213
1389;6571
1389;4215
1389;1391
1389;1390
1390;6571
1390;4215
1390;5737
1390;3840
1390;1391
1390;5735
1390;5736
1390;13488
1390;13246
1390;11897
1391;4215
1391;5737
1391;1393
1391;3043
1391;5735
1391;5736
1391;3042
1391;1752
1886;1887
1886;3830
1886;12457
1886;1888
1886;13419
1886;12683
4213;4214
4213;4215
4214;4215
4515;11547
554;12303
554;12616
554;12286
2196;13044
2196;12530
2196;10582
2196;2747
2196;12697
2196;12303
2196;4917
2196;7614
2196;12805
2196;13043
2196;10583
2196;10581
2196;12286
2196;7613
12287;13586
12287;13497
12287;12530
12287;12616
12303;13044
12303;12616
12303;13043
12530;12805
12530;12616
555;13921
555;13959
555;13960
555;5498
5498;13921
5498;13959
5498;13960
13921;13959
13921;13960
13959;13960
2495;2908
566;3375
565;13128
565;1698
565;13129
565;13127
1698;13127
1698;1869
1698;1870
1698;13128
1698;1871
1698;13141
1698;1700
1698;4887
1698;13210
1698;5385
1698;1868
1698;5384
1698;13097
1698;1699
1698;13098
1698;12669
1698;5383
1698;13096
1698;13129
13127;13128
13127;13129
13128;13129
569;570
6435;14374
6435;14335
575;576
863;1572
863;12954
863;12955
863;1540
580;582
580;581
580;1281
580;1280
581;582
581;1279
581;1281
581;1280
582;1279
582;653
582;1281
582;1280
1280;1281
1279;13031
1279;12619
1279;1281
1279;12621
1279;1280
1279;13030
1279;1293
653;928
653;13028
653;13432
653;12640
653;12406
653;12405
653;1396
653;12641
653;12495
615;13186
615;1714
615;2557
615;12984
615;1961
615;617
615;13187
615;12983
615;13137
615;12733
615;616
615;13092
615;4649
615;13056
615;1962
615;14044
615;2665
616;14044
616;617
617;14044
584;13288
584;13162
584;13290
584;13289
13162;13288
13162;13290
13162;13289
13288;13290
13288;13289
13289;13290
2257;5801
592;11745
592;7785
592;4093
592;6525
592;1848
592;635
592;1968
592;3069
592;9114
592;4095
592;4096
592;7784
592;4094
592;1967
592;11744
1848;11744
1848;11745
1968;10304
1968;10302
1968;10303
1968;3069
4093;6525
4093;4095
4093;4096
4093;4094
4094;6525
4094;4095
4094;4096
4095;4096
4096;6525
11744;11745
635;7785
635;638
635;637
635;636
635;7784
7784;7785
7785;9114
597;7267
597;742
597;743
597;1604
742;1269
742;743
742;1271
742;8422
743;1269
743;1270
743;1271
743;13441
743;8422
1604;7267
598;599
599;1188
599;1185
599;1187
599;1184
599;2677
599;1186
599;1189
1184;1188
1184;1185
1184;1187
1184;1186
1184;1189
1185;1188
1185;1187
1185;1186
1185;1189
1186;1188
1186;1187
1186;1939
1186;1189
1187;1188
1187;2677
1187;1189
1188;1189
608;13180
608;13181
13180;13181
610;614
610;613
610;612
610;611
611;613
611;612
611;614
612;613
612;614
613;614
1714;13137
1961;13186
1961;1962
1961;13187
1962;13186
1962;13187
2557;12993
2557;12733
2557;13092
2665;13056
4649;13092
4649;12733
12733;12984
12733;12993
12733;12994
12733;12983
12733;13092
12983;12984
13186;13187
619;3572
619;3573
3572;3573
816;9421
628;630
628;629
628;13278
629;630
630;13278
630;13083
13083;13278
634;11591
11591;13133
11591;13132
637;638
638;1668
638;839
839;6037
839;6035
839;6036
839;1668
1668;6037
1668;6035
1668;6036
3846;11094
3846;11095
3846;5982
3846;9671
3846;11093
3846;3848
3846;10374
3848;4568
3848;11094
3848;11095
3848;7891
3848;5982
3848;9671
3848;11093
3848;10374
5982;11094
5982;11095
5982;9671
5982;11093
5982;10374
6035;6037
6035;6036
6036;6037
9671;11094
9671;11095
9671;11093
9671;10374
10374;11094
10374;11095
10374;11093
11093;11094
11093;11095
11094;11095
652;653
928;13432
928;930
928;929
1396;12641
1396;12640
1396;13295
12405;12958
12405;12496
12405;12406
12405;12495
12406;12495
12406;12496
12406;12958
12495;13028
12495;12496
12640;12641
12641;13295
662;9744
662;9742
9742;9743
9742;9744
663;5781
663;5782
663;5783
5781;5782
5781;5783
5782;5783
664;666
664;665
664;667
4592;12866
2801;7821
3262;9648
3262;7821
3262;3263
3262;4606
3263;13103
4794;12634
13621;13622
672;673
672;884
673;7616
673;884
674;675
675;3893
1780;3425
2045;9472
9813;9814
9813;9815
9814;9815
12455;12456
12606;12607
12631;12754
710;711
711;955
711;2009
711;12796
711;941
711;12879
711;12880
711;2404
711;2369
711;12795
711;13241
941;955
941;12796
941;12879
941;12880
941;12795
941;13241
2009;2369
12795;12796
12879;12880
12879;13241
712;713
716;1203
716;1205
716;1204
1204;1205
718;4158
718;1270
718;4090
718;4159
718;2230
718;4091
718;4157
718;2829
718;4322
1270;1271
1270;1272
1270;13441
1270;2230
1270;2829
2230;2829
4090;4091
4157;4158
4157;4159
4158;4159
719;2742
3763;3766
3763;3772
3763;3777
3763;3775
3763;3776
3763;10309
3763;6314
3763;4479
3763;3781
3763;3767
3763;3771
3763;7943
3763;11533
4479;7943
4479;11533
7823;7943
7823;9596
885;886
733;948
737;738
737;739
738;739
740;2007
740;741
740;2307
741;2007
741;2307
2007;4437
2007;8769
2007;3128
2007;8768
2007;2307
1269;4227
1269;1270
1269;1271
1269;1272
1269;4226
1269;13441
1269;8422
1271;1272
1271;13441
1271;8422
12967;12968
13326;13327
755;756
763;765
764;2558
764;766
764;2340
2340;2558
2336;2340
2336;2337
2336;2339
2336;2338
2337;2340
2337;2339
2337;2338
2338;2340
2338;2339
2339;2340
774;1375
774;12979
774;1374
1374;1375
1374;12979
1375;12979
785;5207
796;797
2020;8842
2020;6606
2020;7113
2020;6170
2020;7130
2020;6088
2020;6797
2020;5055
2020;6171
2020;2725
2020;2022
2020;2965
6171;6797
799;1696
799;13739
799;13099
799;1697
1696;10541
1696;1697
1696;9652
1696;9653
1696;8020
2873;4089
819;820
819;827
819;824
819;825
819;828
819;826
819;822
819;823
819;821
820;827
820;824
820;825
820;828
820;826
820;822
820;823
820;821
821;827
821;824
821;825
821;828
821;826
821;822
821;823
822;827
822;824
822;825
822;828
822;826
822;823
823;827
823;825
823;828
823;826
823;824
824;827
824;825
824;828
824;826
825;827
825;828
825;826
826;827
826;828
827;828
832;833
840;13094
840;13095
13094;13095
845;846
845;1391
845;12873
845;12874
845;1752
845;847
846;1752
846;1391
846;847
847;1752
847;1391
12873;12874
855;856
1540;12954
1540;12955
12954;12955
2223;12881
2223;12841
12841;12881
869;1711
869;1709
869;1710
1709;3618
1709;3617
1709;1711
1709;3619
1709;1710
5115;5476
5115;12314
5115;12578
888;1529
888;1530
1529;1530
889;7314
889;1001
889;12891
889;890
889;2213
889;1000
889;1441
889;6576
889;891
889;7313
889;999
889;929
890;1758
890;6423
890;12891
890;1441
890;891
890;3160
890;3159
890;1444
890;929
891;12891
891;1441
891;3159
891;1444
891;929
999;1001
999;2213
999;1000
999;6576
1000;12353
1000;1001
1000;2213
1000;12354
1000;12355
1000;6576
1000;13505
1000;13506
1001;2213
1001;6576
1441;12743
1441;13044
1441;12303
1441;12292
1441;13043
1441;2196
2213;6576
7313;7314
1444;3159
1758;6423
3159;3160
927;13125
927;13126
13125;13126
936;937
1707;2062
942;13076
942;944
942;13077
942;943
943;13076
943;944
943;13077
944;13076
944;13077
13076;13077
950;954
950;953
950;951
950;952
951;954
951;953
951;952
952;954
952;953
953;954
957;3558
957;12513
957;12512
957;12511
12511;12513
12511;12512
12512;12513
1072;1073
1072;1483
1354;2747
1354;2058
1354;12697
1354;13043
1354;2196
12697;13043
13043;13044
1618;8313
1618;8314
1618;2632
1618;7276
1948;13194
1948;13302
1948;13193
2632;8313
2632;8314
2632;7276
7276;8313
7276;8314
8313;8314
13193;13194
13194;13302
6314;10309
982;8421
982;2048
2048;8421
984;985
2120;2122
987;989
987;988
988;989
992;8177
992;3797
992;8176
3797;8177
3797;8176
8176;8177
12353;12355
12353;12354
12354;12355
12355;13505
12355;13506
13505;13506
1008;1009
1010;1013
1010;1011
1010;1012
1011;1012
1011;1013
1012;1013
1021;1022
1021;13000
1021;13243
1021;12757
1022;13243
1022;12757
1022;13000
1022;14341
12757;13243
12757;13000
12757;12758
13000;13243
13000;14341
13243;14341
2501;2502
1073;5336
1073;5934
1073;4294
1073;7050
1073;4171
1073;1483
1073;1973
1073;7051
1073;2655
1073;4295
14121;14122
1037;1038
1044;1045
1046;1047
1046;1048
1058;1059
1065;1066
3114;13174
1255;1256
1255;1258
1255;1257
1256;1258
1256;1257
1257;1258
7050;7051
1079;1080
1079;1081
2740;12506
12506;12994
12506;12733
1091;1135
1091;14477
1091;1092
1091;1093
1092;1093
1093;13988
1093;13987
1093;11436
1093;1135
1093;14477
1093;8680
1135;14477
8680;11436
8680;13988
8680;13987
11436;13988
11436;13987
13987;13988
1095;1099
1095;1096
1095;1097
1095;1098
1096;1099
1096;1097
1096;1098
1097;1099
1097;7563
1097;1098
1097;7561
1097;7562
1097;9668
1097;1344
1098;9668
1098;6307
1098;10910
1098;1099
1098;7563
1098;6308
1098;13943
1098;7561
1098;7562
1098;4436
1098;10271
1098;1344
1344;8864
1344;7563
1344;8865
1344;7561
1344;7562
7561;7563
7561;7562
7562;7563
7563;13943
7563;9668
9668;13943
6307;6308
6307;10271
6308;10271
1771;9026
1771;6840
1771;8039
1771;3788
1370;10582
1370;3607
1370;1892
1370;1893
1370;10583
1370;4917
1370;1371
1370;10506
1370;10581
1370;10507
1370;7090
1370;13284
1370;1611
1370;2656
1370;7613
1370;2196
1893;4917
1893;2656
1893;2196
5765;5766
1156;1158
1156;1157
1157;12313
1157;1158
1157;13554
1178;1179
1178;1180
1179;1180
1183;1886
1183;3830
1939;1940
1939;12688
1193;1196
1193;12976
1196;12976
1196;1843
1196;12652
1843;12652
4352;6697
4352;4388
4388;6697
1207;1208
1207;1209
1207;1210
1208;1209
1208;1210
1209;1210
12498;12499
12498;12500
12499;12500
1213;3738
1213;9026
1213;2594
1213;2595
1213;6840
1213;1771
1213;1537
1213;3788
1537;3738
1537;4914
1537;9026
1537;2594
1537;2595
1537;4915
1537;6840
1537;1771
1537;3788
2594;2595
2595;3738
2595;3788
3788;9026
3788;6840
6840;9026
1220;1221
1227;1228
1227;1229
1240;13439
1240;10568
1240;7045
1240;7495
1240;13429
1240;13430
1240;1732
1240;9786
1240;13177
1240;7496
7495;7496
7496;13373
13429;13430
1242;1244
1242;1243
1243;1244
4226;4227
1293;12401
1293;12399
1293;13538
1293;13031
1293;1294
1293;1296
1293;12400
1293;12619
1293;12622
1293;12621
1293;12942
1293;12620
1293;13030
1293;1295
1293;1297
1293;12623
12619;13031
12619;12622
12619;12623
12619;12621
12619;12620
12619;13030
12621;13031
12621;12622
12621;12623
12621;13030
13030;13031
1294;1296
1294;1295
1294;1297
1295;1296
1295;1297
1296;1297
1297;12400
1297;12619
1297;12622
1297;12623
1297;12621
1297;12942
1297;12620
12399;12400
12399;12401
12399;13538
12400;12401
12400;12942
12620;12622
12620;12623
12620;12621
12622;12623
1300;2619
1300;2621
1300;3442
1300;13102
1300;2620
2619;2621
2619;3442
2619;2622
2619;13102
2619;9587
2619;2620
2620;2621
2620;3442
2620;2622
2620;13102
2621;3442
2621;2622
2621;9587
3442;13102
3442;9587
2841;12330
2841;2854
12330;12332
12330;13069
12330;13070
12330;12733
12330;12331
2297;13029
2297;6666
2722;2724
2722;2723
2722;2725
2723;2724
2723;2725
2724;2725
4578;4579
7113;11395
12349;12350
1321;1322
1699;13098
1699;1700
1699;13176
1699;13175
1699;13096
1868;1871
1868;1869
1868;1870
1869;1871
1869;1870
1870;1871
1870;5385
1870;5383
1870;5384
3703;3705
3703;3704
3704;3705
5383;5385
5383;5384
5384;5385
12669;13210
13096;13098
13096;13097
13097;13098
13175;13176
1324;3359
2452;12890
2452;12889
12889;12890
1329;3352
1329;13414
1339;3453
3453;3454
3453;5174
3453;5175
1343;13272
1343;1344
1343;4142
2490;9625
2490;3144
1353;3821
1353;9625
1355;12867
4375;4376
4375;4377
4376;4377
1371;1893
1371;2656
1371;1892
4917;13284
7613;10583
7613;7614
7613;10581
7613;10582
10506;10507
10581;10583
10581;10582
10582;10583
1373;12764
1378;3494
1378;1380
1378;3493
1378;1944
1380;3494
1380;3493
1380;1944
1944;3494
1944;3493
3493;3494
3956;3957
1386;4807
1386;1387
1386;1388
1387;1388
1388;4807
3840;11897
5735;5736
5735;5737
5736;5737
13246;13488
1393;3043
1393;3042
3042;3043
1397;1398
1397;13178
1398;13178
1399;2801
1399;13440
1404;1408
1404;1406
1404;1405
1404;1407
1405;1408
1405;1406
1405;1407
1406;1408
1406;1407
1411;2527
1411;2525
1411;2526
2525;2527
2525;2526
2526;2527
1419;3995
1419;3462
1419;1420
1420;3995
1420;3462
1421;1422
1422;14041
12292;12743
12292;12820
1448;1449
1456;13136
2559;2560
1463;1798
1463;1801
1463;1797
1463;1800
1463;1802
1463;1799
1463;1796
1796;1798
1796;1801
1796;1797
1796;1800
1796;1802
1796;1799
1797;1798
1797;1801
1797;1800
1797;1802
1797;1799
1798;1801
1798;1800
1798;1802
1798;1799
1799;1801
1799;1800
1799;1802
1800;1801
1800;1802
1801;1802
1468;12844
1468;12845
1468;12846
12844;12845
12844;12846
12845;12846
1474;13378
1474;1475
1474;4170
1475;13378
1475;4170
1479;1481
1479;1480
1480;1481
1488;13572
1488;13571
1488;12481
1488;9271
1488;12482
12481;12482
12482;13572
12482;13571
13571;13572
1498;1500
1498;1499
1499;1500
1519;11155
1519;12156
1519;12155
1519;8038
8038;11155
8038;12156
8038;12155
11155;12156
11155;12155
12155;12156
1524;8981
1524;8982
1524;8980
8980;8981
8980;8982
8981;8982
1531;3874
1531;13427
1531;13428
1531;4790
3874;4790
3874;13428
3874;13427
4790;13428
4790;13427
13427;13428
4914;4915
1542;1544
1542;1543
1542;1545
1544;1545
1545;12855
1545;2275
1545;2435
1545;1941
2275;4240
2275;3999
2275;2435
2275;5947
1547;1549
1547;1548
1547;1912
1548;1917
1548;1916
1548;1912
1548;1549
1549;1912
1912;1917
1912;1916
1916;1917
1550;1551
1559;1560
1559;1561
1560;1561
1560;7012
1560;4430
1560;7925
1560;8097
1560;7926
1561;7012
4430;8097
7012;7926
7012;7925
7925;7926
1574;1577
1574;1575
1574;1576
1575;13895
1575;1577
1575;1576
1576;1577
1576;13895
2892;12557
2892;12555
2892;12556
2892;2896
2896;12557
2896;12555
2896;12556
12555;12557
12555;13535
12555;12556
12556;12557
12556;13535
12557;13535
1584;12827
1603;13296
1603;6935
1603;12450
1603;8724
1603;13331
1603;12649
6935;8724
12450;13296
12450;12649
12649;13296
1607;1608
1609;1610
1636;13369
1636;4887
1636;13135
13135;13369
1638;5053
1638;5054
5053;5054
2411;12723
2411;12782
1651;1654
1651;1652
1651;1653
1652;1653
1652;1654
1653;1654
2296;12665
3324;3540
3324;3541
3324;3325
3540;12137
3540;3541
3541;12137
12563;13444
12563;13445
12563;13257
12704;13259
12704;13258
12811;12812
12811;12813
12812;12813
12813;12996
13258;13259
13444;13445
1682;3193
1682;3192
1682;3194
3192;3193
3192;3194
3193;3194
8020;10541
8020;9652
8020;9653
8020;8609
9652;9653
1705;5200
1705;5199
1705;5198
5198;14486
5198;13350
5198;13348
5198;13347
5198;13349
5198;5200
5198;5199
5198;13351
5199;5200
5200;14486
5200;13350
5200;13348
5200;13347
5200;13349
5200;13351
1706;4794
1706;12681
3617;3618
3617;3619
3618;3619
10630;10631
1734;12320
1734;12319
12319;12320
1749;1751
1749;1750
1751;2984
1751;6564
1751;6616
1751;8543
1751;2742
1751;12056
1751;13039
1751;6615
1751;6614
1751;8544
1751;4377
1751;3368
2984;6564
6564;13039
6614;6616
6614;6615
6615;6616
8543;8544
13039;13040
6376;6377
6376;6383
1763;5645
1763;12419
1763;12703
5645;12419
1764;12677
12677;14390
12677;14389
1765;2041
1765;3699
1765;6299
1766;1767
1767;4297
1767;4296
1767;12293
4296;4297
1779;12731
1779;12730
1779;12732
1779;13543
12730;12731
12730;12732
12731;12732
12732;13024
1784;4082
1784;1785
1785;4082
1810;1814
1810;1811
1810;12336
1810;1813
1810;12337
1810;1812
1811;1814
1811;1812
1811;1813
1812;1814
1812;1813
1813;1814
1813;12336
1813;12337
1813;12522
12336;12337
12376;12580
1827;3558
1827;3576
1827;8257
3576;13927
3576;12395
3576;12311
3576;12396
3576;13536
1832;1833
1841;1842
1854;5273
1854;12888
1854;12740
1887;1888
1887;3839
1887;3840
1888;3839
1888;3840
3839;12445
3839;3840
3839;12444
3839;12443
3839;13600
1891;1893
1891;1892
1896;9210
1896;2292
1896;2291
1896;2293
2291;2292
2291;2293
2292;9210
2292;2293
2824;2825
1930;3576
1930;12396
1930;12395
12395;12396
1945;12814
1945;13235
1945;3716
1954;1955
1954;2631
1954;1956
1955;3079
1955;3081
1955;1956
1955;3080
1955;2631
1955;3082
3079;3080
3079;3082
3079;3081
3080;3082
3080;3081
3081;3082
5159;5161
5159;5160
10302;10304
10302;10303
10303;10304
1969;3527
1969;1970
1969;1971
1969;1972
1970;3527
1970;1971
1970;1972
1971;1972
2004;5427
2004;12474
2004;12475
5427;13395
5427;12474
5427;13394
5427;12475
12474;12475
4437;8769
4437;8768
8768;8769
12591;12592
2965;6606
2965;7113
2965;6088
2965;2966
2965;5055
5055;6606
5055;6088
6088;6606
6088;7130
6088;8842
6170;6171
2966;7113
2040;2041
5983;5985
5983;5984
5983;5986
5984;13118
5984;5986
5984;5985
5984;13117
5984;12800
5985;5986
8947;8948
5120;5121
2063;13386
2063;3111
3111;13386
3111;5558
2081;2082
2091;2873
2138;2139
2138;2140
2138;2141
2138;2142
2139;2140
2139;2141
2139;2142
2140;2141
2140;2142
2141;2142
2150;2151
2150;2152
2151;2152
2178;2179
2178;2180
2178;2181
2178;2182
2179;2181
2179;12567
2179;12568
2179;12618
2179;7225
2179;2180
2179;2182
2179;7224
2180;2181
2180;2182
2181;2182
7224;7225
12567;12568
2199;12713
2207;2208
2211;2212
4837;5165
5165;5166
5165;14285
5165;14286
5165;5167
5165;14284
12550;12551
2236;3771
2236;3766
2236;3760
2236;3763
2236;3772
2236;3781
2236;3776
2236;3767
2236;3777
2236;3775
3760;3771
3760;3772
3760;3763
3760;3767
3766;3767
3767;3771
3767;3772
3767;3776
3767;12788
3767;3781
3767;3777
3767;3775
3771;3772
3775;3776
3775;3777
3776;12788
3776;3777
2237;2240
2237;2238
2237;2239
2237;2241
2238;2240
2238;2241
2238;2239
2239;2240
2239;2241
2240;2241
2265;4546
2265;2266
2266;4546
2274;4240
2274;2275
2283;13458
2283;2284
2301;2302
2315;6848
2315;13269
2315;13271
2315;13270
13269;13271
13269;13270
13270;13271
2323;2325
2323;2324
2324;2325
2345;2346
2357;3495
2357;2358
2357;2359
2357;3296
2357;2979
2358;2359
2979;3495
2979;2980
2376;6188
2376;6189
2376;8817
2376;2378
2376;8818
2376;2379
2376;6190
2376;2377
2376;2380
2377;6188
2377;6189
2377;8817
2377;2378
2377;8818
2377;2379
2377;6190
2377;2380
2378;2379
2378;2380
2379;6188
2379;6189
2379;8817
2379;8818
2379;6190
2379;2380
2380;6188
2380;6189
2380;8817
2380;8818
2380;6190
6188;6189
6188;6190
6189;8817
6189;8818
6189;6190
8817;8818
13611;13612
2466;2467
2466;2468
2467;2468
2472;2473
2488;8673
2488;8672
2488;8671
8671;8673
8671;8672
8672;8673
2497;2498
2497;7052
2498;8436
2498;7052
2536;2538
2536;2537
2537;2538
2538;13409
2580;2581
2591;2593
2591;2592
2592;2593
2600;7539
2600;7540
7539;7540
2602;2603
2639;13275
2639;13274
13274;13275
2668;12330
2668;12733
2679;2871
2689;2691
2689;2690
2690;2691
2737;13185
2739;12949
2739;4312
2739;2740
12949;13508
2743;2744
2757;2758
2810;11202
2810;2811
2811;11202
2827;10763
2827;12080
2827;12077
2827;12079
2827;12076
2827;12081
2827;10764
2827;12078
2827;10760
2827;12074
2827;12075
10760;10763
10760;12080
10760;12077
10760;10762
10760;12079
10760;12076
10760;12081
10760;10764
10760;12078
10760;10761
10760;12074
10760;12075
10763;12080
10763;12077
10763;12079
10763;12076
10763;12081
10763;10764
10763;12078
10763;12074
10763;12075
10764;12080
10764;12077
10764;12079
10764;12076
10764;12081
10764;12078
10764;12074
10764;12075
12074;12080
12074;12077
12074;12079
12074;12076
12074;12081
12074;12078
12074;12075
12075;12077
12075;12079
12075;12076
12075;12081
12075;12078
12075;12080
12076;12080
12076;12077
12076;12079
12076;12081
12076;12078
12077;12080
12077;12079
12077;12081
12077;12078
12078;12080
12078;12079
12078;12081
12079;12080
12079;12081
12080;12081
2866;2867
2867;3182
2917;2918
2939;12808
2939;12810
2939;12807
12807;12808
12807;12810
7773;7775
7773;9938
7773;7774
7773;9937
9937;9938
2974;2975
2985;2989
2985;2990
2985;2987
2985;2988
2985;2991
2985;2986
2986;2989
2986;2990
2986;2987
2986;2988
2986;2991
2987;2989
2987;2990
2987;2988
2987;2991
2988;2989
2988;2990
2988;2991
2989;2990
2989;2991
2990;2991
3033;3035
3033;3037
3033;3036
3033;3034
3034;3035
3034;3037
3034;3036
3035;3037
3035;3036
3036;5094
3036;3037
3036;5093
5093;5094
3038;13532
3044;5393
3044;4681
3044;5395
3044;4680
3044;5394
4680;5393
4680;4681
4680;5395
4680;7768
4680;7769
4680;5394
4681;5393
4681;7769
4681;5395
4681;7768
4681;5394
5393;7769
5393;5395
5393;7768
5393;5394
5394;7769
5394;5395
5394;7768
3052;3053
3053;5547
3053;5548
5547;5548
3054;3055
3054;3056
3055;3056
3056;13594
3056;13593
3056;12358
3056;13011
3056;12357
12357;12358
12358;13011
13593;13594
3057;12934
3057;12930
3057;12933
3057;12931
3057;12932
12930;12934
12930;12933
12930;12931
12930;12932
12931;12934
12931;12933
12931;12932
12932;12934
12932;12933
12933;12934
3103;5374
3136;3139
3136;3137
3136;3140
3136;3138
3137;3138
3137;3140
3137;3139
3138;3139
3138;3140
3139;3140
3161;3162
3161;3163
3162;3163
3188;13837
3188;13836
13836;13837
3209;12504
3209;12531
3209;12653
3209;3210
3210;12504
3210;12653
3265;6343
3265;6342
3265;6344
3265;6341
6341;6343
6341;6342
6341;6344
6342;6343
6342;6344
6343;6344
3270;3272
3270;3271
3271;3272
3278;12506
3278;12733
3278;12463
12463;12506
12463;12733
3301;12688
3369;3370
3447;4781
3447;4780
4780;4781
3454;5174
3454;5175
5174;5175
3556;3557
3556;3559
3556;3558
3556;3560
3557;3559
3557;3558
3557;3560
3559;3560
6276;12963
6276;12962
6276;12961
7800;7801
12961;12963
12961;12962
12962;12963
3569;6062
3592;3593
3620;3621
3637;8600
3637;5523
5523;8600
3646;5850
3646;13311
3646;5849
3646;13309
5849;5850
13309;13311
3676;3677
3689;12833
3689;12835
3689;12834
12833;12835
12833;12834
12834;12835
3710;3711
3746;3747
3783;13844
3783;14467
3783;13843
13843;13844
13843;14467
13844;14467
3794;13255
6265;9390
6265;6266
6265;9389
6266;9390
6266;9389
12443;12445
12443;12444
12443;13589
12443;13590
12444;12445
3850;3852
3850;3851
3851;3852
3870;3871
3870;4531
3870;4532
3870;3872
3871;3872
4531;4532
3876;13135
3896;13330
3896;12585
12585;13330
3920;13406
3920;13407
3920;13408
3920;3921
3920;3922
3920;13405
3921;3922
13405;13406
13405;13407
13405;13408
13406;13407
13406;13408
13407;13408
12449;12450
3937;10517
3937;10516
3937;10515
3937;3940
3940;10517
3940;10516
3940;10515
10515;10517
10515;10516
10516;10517
5154;7430
5154;7429
7429;7430
4037;4038
4053;4063
4053;4062
4053;8822
4053;4054
4062;4063
4066;10450
4066;10451
4066;6477
6477;10450
6477;10451
6477;6478
10450;10451
4075;4076
4113;9543
4113;7686
4113;5662
4113;7687
5662;7687
5662;7686
5662;9544
5662;9543
7686;7687
7686;9544
7686;9543
7687;9544
7687;9543
9543;9544
10794;10795
4346;12739
4359;4363
4359;10598
4359;4362
4359;4360
4359;10599
4359;8658
4359;4361
4359;8657
4360;4363
4360;4362
4360;4361
4361;4363
4361;10598
4361;13236
4361;4362
4361;12428
4361;10599
4361;8658
4361;8657
4362;4363
4362;13236
4362;12428
4363;10598
4363;13236
4363;12428
4363;10599
4363;8658
4363;8657
8657;8658
10598;10599
12428;13236
4535;4839
4535;4840
4839;4840
4582;13260
4582;12894
4582;12895
12894;12895
4584;9353
4589;12467
4671;4673
4671;12476
4673;12476
7768;7769
4685;5382
4685;5379
4685;5381
4685;5380
5379;5382
5379;5381
5379;5380
5380;5382
5380;5381
5381;5382
4700;4701
4882;9508
4882;9509
4882;6006
4882;9507
6006;9508
6006;9509
6006;9507
9507;9509
9507;9508
9508;9509
4910;4912
4910;4913
4910;4911
4911;4912
4911;4913
4912;4913
4922;4923
4923;13350
4923;13349
4923;13347
4923;5200
4923;5198
13347;14486
13347;13350
13347;13348
13347;13349
13347;13351
13349;14486
13349;13350
13349;13351
13350;14486
13350;13351
5010;12277
5010;5011
5010;12279
5010;12276
5010;12278
5011;12277
5011;12279
5011;12276
5011;12278
12276;12277
12276;12279
12276;12278
12277;12279
12277;12278
12278;12279
12314;12578
5166;5167
14284;14285
13348;14486
13348;13350
13348;13349
13348;13351
13351;14486
5201;5202
5357;5358
5375;5376
5376;13242
13394;13395
5486;6848
5486;13226
5486;13225
13225;13226
5600;12822
5600;12821
12821;12822
5603;5606
5603;5605
5603;5604
5604;5606
5604;5605
5605;5606
5616;5618
5616;5617
5617;5618
5655;9743
5655;9744
5655;9742
9743;9744
5665;5667
5665;5666
5666;5667
5701;5703
5701;5702
5702;5703
5771;5773
5771;5772
5772;5773
5892;5894
5892;5893
5892;10603
5893;5894
5893;10603
5961;5962
5961;5963
5962;5963
12800;13118
12800;13117
13117;13118
6066;8479
6066;8480
8479;8480
9389;9390
6362;6363
6363;7175
6377;6383
6395;6397
6395;6396
6395;6398
6395;6399
6396;6397
6396;6398
6396;6399
6397;6398
6397;6399
6398;6399
6415;11266
6437;6438
7959;7960
7959;7961
7959;7962
7959;7963
7960;7961
7960;7962
7960;7963
7961;7962
7961;7963
7962;7963
6476;6477
6476;6478
6598;6599
6628;14348
6628;14352
6628;14349
6628;14350
6628;14351
14348;14352
14348;14349
14348;14350
14348;14351
14349;14352
14349;14350
14349;14351
14350;14352
14350;14351
14351;14352
6635;13389
13604;13605
6891;6893
6891;6892
6892;6893
6999;7000
7011;7289
7011;7291
7011;7293
7011;12800
7289;7291
7289;7293
7289;12800
7291;7293
7291;12800
7293;12800
7020;7022
7020;7025
7020;7023
7020;7024
7020;7021
7021;7022
7021;7025
7021;7023
7021;7024
7022;7025
7022;7023
7022;7024
7023;7025
7023;7024
7024;7025
7061;7062
7061;7063
7062;7063
7153;7155
7153;7154
7153;10103
7153;7156
7153;11479
7154;7155
7154;7156
7155;10103
7155;7156
7155;11479
10103;11479
7205;7206
7209;7210
7234;7235
7427;7428
7618;8963
7624;12724
7624;7625
7624;7626
7624;13192
7625;12724
7625;13192
7625;7626
7672;7673
7771;7775
7771;7774
7771;7772
7771;7773
7772;7775
7772;7773
7772;7774
7774;7775
7933;7934
8062;12699
8062;12702
8062;12700
8062;12701
12699;12702
12699;12700
12699;12701
12700;12702
12700;12701
12701;12702
8087;8088
8121;8122
8189;8192
8189;8191
8189;8190
8190;8191
8190;8192
8191;8192
8221;8222
8221;8223
8222;8223
8349;13316
8430;8431
8430;8432
8431;8432
8604;13123
8604;13122
8604;13121
13121;13123
13121;13122
13122;13123
8691;8692
8691;8693
8692;8693
8692;11063
8692;11062
11062;11063
8750;8755
8750;8754
8750;8753
8750;8752
8750;8751
8751;8754
8751;8755
8751;8753
8751;8752
8752;8754
8752;8755
8752;8753
8753;8754
8753;8755
8754;8755
8772;8773
8790;11953
9073;9074
9129;9130
9159;9166
9159;9162
9159;9164
9159;9160
9159;9161
9159;9165
9159;9163
9160;9166
9160;9162
9160;9164
9160;9161
9160;9165
9160;9163
9161;9166
9161;9162
9161;9164
9161;9165
9161;9163
9162;9166
9162;9164
9162;9165
9162;9163
9163;9166
9163;9164
9163;9165
9164;9166
9164;9165
9165;9166
9167;9172
9167;9170
9167;9168
9167;9169
9167;9171
9168;9172
9168;9170
9168;9169
9168;9171
9169;9172
9169;9170
9169;9171
9170;9172
9170;9171
9171;9172
9228;12452
9228;13495
9228;13496
9228;12436
12436;13495
12436;13496
13495;13496
9582;9584
9582;9585
9582;9583
9583;9584
9583;9585
9584;9585
9612;12792
9612;12791
9612;11477
9612;9615
9612;11476
9612;11478
9612;12793
9612;9614
9612;11240
9614;9616
9614;11239
9614;11477
9614;9615
9614;11476
9614;11478
9614;11240
9615;9616
9615;11239
9615;11477
9615;11476
9615;11478
9615;11240
11240;11477
11240;11476
11240;11478
11476;11477
11476;11478
11477;11478
12791;12793
12791;12792
12792;12793
9616;11240
9616;11239
11239;11240
9816;9817
9816;9818
9817;9818
9879;9883
9879;9882
9879;9885
9879;9880
9879;9884
9879;9886
9879;9881
9880;9883
9880;9882
9880;9885
9880;9884
9880;9886
9880;9881
9881;9883
9881;9882
9881;9885
9881;9884
9881;9886
9882;9883
9882;9885
9882;9884
9882;9886
9883;9885
9883;9884
9883;9886
9884;9885
9884;9886
9885;9886
9917;13957
9917;13958
9917;13955
9917;13954
9917;13956
13954;13957
13954;13958
13954;13955
13954;13956
13955;13957
13955;13958
13955;13956
13956;13957
13956;13958
13957;13958
9929;9930
10175;12454
10453;13567
10483;12588
10510;10512
10510;10511
10511;10512
10651;10653
10651;10652
10651;10654
10652;10653
10652;10654
10653;10654
10686;10693
10686;10694
10686;10689
10686;10690
10686;10688
10686;10692
10686;10691
10686;10687
10687;10693
10687;10694
10687;10689
10687;10690
10687;10688
10687;10692
10687;10691
10688;10693
10688;10694
10688;10689
10688;10690
10688;10692
10688;10691
10689;10693
10689;10694
10689;10690
10689;10692
10689;10691
10690;10693
10690;10694
10690;10692
10690;10691
10691;10693
10691;10694
10691;10692
10692;10693
10692;10694
10693;10694
10761;10763
10761;10762
10761;10764
10762;10763
10762;10764
10821;10822
11183;11184
11190;11193
11190;11192
11190;11191
11191;11193
11191;11192
11192;11193
11316;12526
11471;11472
13132;13133
11753;12298
12298;12299
11801;11802
11802;14488
11847;11848
11847;11850
11847;11849
11848;11850
11848;11849
11848;13518
11849;11850
12094;12097
12094;12095
12094;12096
12095;12097
12095;12096
12096;12097
12107;12109
12107;12108
12108;12109
12141;12413
12141;12415
12141;12412
12141;12414
12141;12416
12413;12415
12413;12414
12413;12416
12414;12415
12414;12416
12415;12416
12183;12896
12183;12824
12183;12897
12183;12898
12824;12826
12824;12825
12896;12897
12896;12898
12897;12898
12228;12382
12247;12753
12268;13623
12268;13624
12268;13625
13623;13624
13623;13625
13624;13625
12282;12283
12285;12287
12285;12286
12289;12290
12291;12292
12331;12332
13069;13070
12343;12344
12343;12345
12344;12345
12359;13470
12359;13472
12359;13471
13470;13472
13470;13471
13471;13472
12363;12364
12363;12366
12363;12365
12364;12366
12364;12365
12365;12366
12383;12386
12383;12384
12383;12388
12383;12387
12383;12385
12384;12386
12384;12388
12384;12387
12384;12385
12385;12386
12385;12388
12385;12387
12386;12388
12386;12387
12387;12388
12407;12409
12407;12408
12408;12409
12408;13558
12408;13557
12409;13558
12409;13525
13557;13558
12421;12422
12421;12423
12422;12423
12435;12469
12435;12436
13589;13590
12477;12478
12484;12485
12497;12525
12501;12502
12546;12547
12552;12554
12552;12553
12553;12554
12570;12759
12570;12571
12574;12575
12574;12576
12575;12576
12597;12600
12597;12598
12597;12599
12598;12600
12598;12599
12599;12600
12603;12605
12603;12604
12604;12605
12604;13364
12604;13365
12604;13363
13363;13365
13363;13364
13364;13365
12629;12630
12657;12658
12661;12662
12667;12668
14389;14390
12689;12691
12689;12690
12689;12692
12689;12693
12690;12691
12690;12692
12690;12693
12691;12693
12691;12692
12692;12693
12718;12719
12718;12720
12719;12720
12725;12857
12725;12858
12857;12858
12734;12735
12734;12736
12734;12737
12736;12737
12755;12756
12758;13000
12775;12779
12775;12776
12775;12778
12775;12777
12776;12779
12776;12777
12776;12778
12777;12779
12777;12778
12778;12779
12789;12790
12816;12817
12823;12826
12823;12824
12823;12825
12825;12826
12828;12830
12828;12831
12828;12829
12828;12832
12829;12830
12829;12831
12829;12832
12830;12831
12830;12832
12831;12832
12836;12838
12836;12839
12836;12837
12837;12838
12837;12839
12838;12839
12842;12843
12885;12886
12885;14386
12899;12900
12899;12902
12899;12901
12900;12902
12900;12901
12901;12902
12971;12974
12971;12973
12971;12972
12972;12974
12972;12973
12973;12974
12985;12987
12985;12986
12985;12988
12986;12987
12986;12988
12987;12988
13005;13007
13005;13006
13006;13007
13008;13009
13008;13010
13009;13010
13010;13140
13010;13139
13139;13140
13034;13035
13035;13051
13038;13039
13038;13040
13041;13042
13087;13088
13104;13105
13149;13150
13149;13151
13150;13151
13154;13156
13154;13155
13164;13165
13871;13872
13304;13307
13304;13305
13304;13306
13305;13307
13305;13306
13306;13307
13317;13318
13321;13322
13321;13325
13321;13324
13321;13323
13322;13324
13322;13325
13322;13323
13323;13324
13323;13325
13324;13325
13366;13367
13366;13368
13367;13368
13411;13873
13417;13479
13421;13422
13449;13450
13449;13453
13449;13452
13449;13451
13450;13453
13450;13452
13450;13451
13451;13453
13451;13452
13452;13453
13456;13457
13477;13478
13486;13487
13501;13502
13503;13585
13503;13504
13504;13546
13504;13547
13546;13585
13546;13575
13546;13584
13546;13547
13547;13575
13516;13517
13584;13585
13568;13569
13576;13577
13595;13596
13602;13603
13614;13615
13634;13635
13696;13698
13696;13697
13697;13698
13770;13771
13961;13962
13961;13963
13962;13963
13978;13979
13978;13980
13979;13980
14481;14483
14481;14482
14482;14483
